id,name,age,class,stream,subject,topic,difficulty,clarity,last_score,daily_hours,study_time,session_time,break_time,weekly_hours,days_left,exam_type,priority,syllabus_done,focus,distraction,consistency,revision,practice,learning_style,screen_time,sleep,stress,motivation,study_hours,revision_time,breaks,predicted_score,exam_year,exam_month,exam_day,exam_weekday
1,0,18,0,0,0,0,0,6,85,6,0,55,7,15,20,0,0,52,2,10,6,4,129,0,6,7,5,7,5,2,1,62,2026,8,6,3
2,1,16,1,1,0,0,1,5,78,5,0,31,6,36,29,1,0,57,2,1,7,4,113,0,2,6,3,7,5,1,3,65,2026,8,12,2
3,2,20,2,2,1,1,1,8,83,4,1,37,7,34,15,0,1,31,8,8,5,4,112,0,4,6,10,6,4,3,3,76,2026,8,20,3
4,3,19,1,2,2,2,2,5,54,5,2,36,11,21,12,0,1,39,9,6,7,1,113,1,4,7,6,3,3,2,2,69,2026,8,2,6
5,1,19,2,0,0,0,1,9,77,4,2,40,5,37,15,1,0,69,1,3,5,2,113,0,3,7,9,4,3,3,2,80,2026,8,23,6
6,2,19,2,0,1,0,1,5,59,4,2,36,8,26,27,1,1,51,10,8,10,4,65,0,3,6,8,10,2,2,2,82,2026,8,25,1
7,4,17,2,0,3,3,2,9,85,5,1,41,14,26,8,1,1,38,6,9,2,4,105,1,3,5,5,9,5,3,1,78,2026,8,5,2
8,5,17,0,0,0,4,0,1,87,5,0,32,13,40,14,1,2,78,9,6,5,1,59,2,4,8,4,2,2,3,1,87,2026,8,3,0
9,6,17,2,2,3,3,0,4,89,6,2,59,12,32,16,1,0,73,4,7,1,2,52,1,5,6,1,2,2,1,3,77,2026,8,7,4
10,5,16,0,1,1,0,2,1,74,2,0,50,15,37,25,0,0,31,2,6,8,4,136,0,5,5,6,8,5,1,2,67,2026,8,2,6
11,4,19,1,2,4,0,0,2,57,6,0,40,10,27,12,0,0,46,1,3,3,2,54,2,6,7,10,10,2,3,1,62,2026,8,2,6
12,0,18,1,1,0,5,1,1,80,3,1,35,8,23,13,1,1,74,4,10,3,5,54,0,4,5,6,8,3,3,3,88,2026,8,18,1
13,7,20,1,1,0,5,0,8,68,2,0,30,9,38,9,0,2,75,2,3,2,5,98,2,5,6,4,1,2,3,2,74,2026,8,13,3
14,8,20,1,2,4,3,0,5,66,2,2,30,9,25,14,1,1,33,7,5,1,2,51,0,2,6,5,3,3,3,1,79,2026,8,2,6
15,9,20,1,2,0,2,1,8,70,5,1,30,7,24,22,1,2,46,7,3,2,1,136,0,4,7,8,3,2,1,2,89,2026,8,14,4
16,0,18,1,2,3,5,1,9,65,5,1,56,6,27,14,1,1,61,3,7,1,5,94,0,2,7,8,2,4,1,2,77,2026,8,21,4
17,0,16,1,2,3,0,0,5,90,4,1,55,7,35,29,0,2,58,2,2,9,3,64,1,5,7,1,3,5,2,2,75,2026,8,1,5
18,0,19,2,0,1,6,0,7,58,3,0,57,7,39,8,0,0,69,3,2,10,2,142,0,5,8,5,2,3,2,1,74,2026,8,6,3
19,4,18,2,0,3,7,1,3,67,5,1,56,5,20,26,1,2,33,4,1,7,1,51,2,6,8,2,3,5,2,2,82,2026,8,25,1
20,0,18,2,0,4,5,1,10,79,4,1,38,15,37,12,1,1,50,2,8,7,5,96,0,6,6,9,2,2,2,1,83,2026,8,12,2
21,5,18,1,2,0,1,1,7,53,3,2,39,13,31,19,1,1,61,9,4,5,4,69,1,6,8,4,10,2,3,2,62,2026,8,11,1
22,3,20,2,2,2,4,1,2,66,2,1,51,14,30,15,0,2,59,5,7,5,4,101,2,5,6,7,1,2,1,2,90,2026,8,11,1
23,9,19,2,1,3,8,2,7,76,2,1,35,10,34,27,1,0,35,6,9,5,2,111,2,4,5,9,3,2,3,3,74,2026,8,22,5
24,8,17,2,2,0,6,2,9,70,4,2,33,6,33,20,0,2,45,2,7,1,4,62,2,3,7,5,8,3,1,1,81,2026,8,19,2
25,9,18,1,2,2,1,0,7,87,4,1,35,15,40,8,1,1,57,5,10,7,2,81,0,6,6,7,8,5,3,3,72,2026,8,20,3
26,2,16,0,1,3,5,0,1,76,5,2,32,8,20,12,0,1,77,1,7,2,1,104,1,5,6,8,2,5,1,3,67,2026,8,1,5
27,9,18,0,1,1,6,1,9,50,6,0,60,8,15,22,1,2,59,4,8,2,4,64,2,2,8,4,5,3,2,1,83,2026,8,22,5
28,1,16,0,0,0,6,2,4,76,2,0,32,14,31,13,0,0,66,4,8,3,2,55,2,2,6,6,4,2,1,3,76,2026,8,20,3
29,6,18,2,1,1,2,1,10,88,3,1,47,12,36,12,1,0,63,9,6,5,3,62,0,5,5,6,5,5,1,1,81,2026,8,13,3
30,8,20,1,2,2,1,0,7,52,3,0,58,10,31,7,1,2,45,5,5,5,2,85,2,3,7,7,9,5,2,1,84,2026,8,3,0
31,4,16,1,2,2,9,2,6,80,4,1,37,5,27,22,0,0,70,4,7,8,5,54,1,4,6,5,9,2,3,2,62,2026,8,4,1
32,2,17,2,2,2,9,0,3,68,6,2,51,9,18,21,1,0,31,9,10,4,3,104,2,5,7,7,4,3,2,3,87,2026,8,18,1
33,5,18,1,2,1,2,0,5,73,4,2,59,11,17,11,0,1,33,2,2,6,4,129,1,2,5,1,1,3,1,2,89,2026,8,2,6
34,7,20,0,1,4,4,0,9,52,3,2,60,8,20,30,0,1,70,8,10,10,4,64,1,6,6,7,3,3,1,3,60,2026,8,24,0
35,6,17,0,2,1,8,1,5,65,3,1,38,11,37,27,0,1,75,1,7,6,4,72,0,4,6,1,9,5,2,2,80,2026,8,1,5
36,1,17,2,1,3,3,0,2,77,4,2,53,8,29,23,0,0,80,6,9,4,1,76,0,4,5,7,8,2,3,3,71,2026,8,20,3
37,6,19,1,0,1,1,2,2,54,5,0,39,11,39,5,0,2,70,6,2,9,2,75,2,5,8,7,2,2,2,3,69,2026,8,21,4
38,4,16,2,1,3,5,0,5,70,5,0,33,8,36,22,1,1,74,4,4,5,1,94,1,5,7,10,10,5,3,1,65,2026,8,8,5
39,7,18,1,1,4,2,2,1,68,2,0,53,6,18,16,0,1,76,6,2,9,2,121,0,2,6,5,7,3,2,1,76,2026,8,4,1
40,2,16,2,1,1,3,2,10,83,3,1,51,15,28,25,1,0,44,2,4,10,5,54,0,6,8,5,1,5,1,2,63,2026,8,27,3
41,5,17,1,1,4,3,0,1,75,4,0,32,6,31,21,1,0,46,10,2,1,1,53,0,5,8,9,3,3,2,1,66,2026,8,28,4
42,9,16,1,1,3,5,2,5,53,4,0,42,13,40,25,0,0,44,8,9,6,2,66,0,6,6,9,5,3,1,3,79,2026,8,5,2
43,4,19,1,0,1,0,0,10,77,3,1,46,15,30,9,0,1,59,6,7,1,5,80,2,3,8,5,5,5,1,3,90,2026,8,25,1
44,3,19,0,2,0,8,0,4,53,2,1,33,10,23,24,1,2,69,7,10,4,5,85,2,5,6,7,6,2,1,2,61,2026,8,12,2
45,0,19,2,1,4,9,1,4,57,3,1,59,5,19,26,0,2,56,2,6,6,5,60,1,4,8,2,5,4,2,3,88,2026,8,28,4
46,2,18,1,0,3,0,0,2,52,4,2,30,14,34,28,1,1,72,9,6,10,3,143,1,4,8,7,3,5,1,3,72,2026,8,8,5
47,1,19,0,0,1,4,0,5,84,5,1,34,8,32,16,1,0,64,2,8,6,4,99,0,6,6,7,10,2,3,3,69,2026,8,20,3
48,8,19,1,0,1,6,0,10,86,4,0,56,6,20,28,1,0,53,7,3,2,3,102,0,2,8,4,5,3,2,1,84,2026,8,7,4
49,3,18,0,0,4,7,2,2,90,2,1,58,14,31,8,0,1,59,7,2,7,2,57,0,5,8,7,10,3,3,3,80,2026,8,15,5
50,4,16,2,2,2,9,1,7,53,3,1,58,5,31,24,1,1,77,4,3,4,2,85,2,5,6,8,9,2,1,2,61,2026,8,10,0
51,9,17,2,2,4,0,1,7,81,4,1,48,11,33,21,0,2,80,2,6,4,5,58,2,4,7,5,4,4,3,2,61,2026,8,15,5
52,0,18,2,0,0,0,2,10,63,6,0,48,8,37,27,1,2,42,3,1,9,1,131,0,3,7,10,7,3,3,1,79,2026,8,12,2
53,1,18,0,0,2,9,1,9,56,5,1,48,14,31,23,1,0,36,9,5,1,2,54,1,2,6,7,7,2,1,1,67,2026,8,20,3
54,9,18,0,2,4,9,1,5,60,5,2,57,13,17,16,0,2,41,1,5,5,3,77,2,2,5,8,1,4,2,3,88,2026,8,2,6
55,9,17,1,1,1,2,0,1,88,2,0,41,12,34,21,1,1,65,10,2,4,3,116,2,3,7,10,1,3,1,2,86,2026,8,11,1
56,9,17,0,0,0,7,2,7,73,4,2,53,13,29,26,0,2,53,3,6,7,4,77,1,2,8,10,2,5,3,2,63,2026,8,28,4
57,9,19,1,1,0,8,0,7,86,6,2,43,6,16,7,0,0,63,6,4,5,3,71,2,2,8,8,5,5,2,1,61,2026,8,23,6
58,6,20,0,1,4,3,0,3,79,3,0,56,7,34,21,1,2,73,4,9,5,1,105,2,5,7,9,4,4,2,1,64,2026,8,11,1
59,5,19,2,0,0,1,2,10,78,3,1,35,6,30,14,0,0,72,10,8,10,3,137,0,5,6,2,1,2,1,3,80,2026,8,12,2
60,4,17,1,1,0,5,2,9,89,4,2,51,12,32,6,0,1,52,7,9,3,4,67,1,3,5,3,8,3,3,3,80,2026,8,22,5
61,6,18,1,0,2,6,0,5,63,2,1,36,10,35,5,1,1,35,2,10,7,5,104,0,4,6,5,9,2,2,1,61,2026,8,7,4
62,6,19,0,2,1,5,2,4,88,5,0,58,12,30,29,0,0,38,8,10,7,4,120,2,4,8,5,1,5,1,1,75,2026,8,17,0
63,4,18,2,1,3,3,2,8,59,3,0,50,14,26,25,1,1,71,6,9,7,5,122,0,6,7,4,9,5,3,3,70,2026,8,24,0
64,4,19,2,2,2,3,2,4,68,5,2,47,13,30,29,1,1,69,2,2,9,2,50,0,5,8,6,3,3,3,2,87,2026,8,9,6
65,8,17,1,2,3,2,0,1,68,6,0,31,11,33,21,0,1,31,2,10,4,5,148,2,6,6,1,1,3,1,1,63,2026,8,8,5
66,1,19,0,2,4,3,2,7,58,2,0,37,6,35,10,1,2,61,4,5,3,1,135,0,3,8,5,8,3,1,3,88,2026,8,13,3
67,5,20,0,0,2,0,0,2,84,6,0,56,6,34,9,0,2,70,7,10,8,2,94,2,4,8,6,1,3,2,2,72,2026,8,13,3
68,4,19,0,2,1,1,2,3,76,5,0,36,15,35,19,1,2,35,8,5,7,5,120,2,2,8,1,3,5,3,3,61,2026,8,5,2
69,2,18,0,1,0,4,1,9,58,2,2,41,8,33,17,0,2,44,5,9,4,2,147,1,5,6,2,1,5,3,2,90,2026,8,25,1
70,0,16,2,2,4,6,0,9,71,5,2,46,12,19,6,1,1,30,2,5,1,1,55,2,4,6,1,9,4,2,2,78,2026,8,20,3
71,5,16,2,2,1,8,0,1,59,4,1,44,8,37,5,0,0,72,7,2,10,4,69,1,4,7,10,7,4,2,2,90,2026,8,8,5
72,6,17,2,0,3,9,0,9,82,4,0,36,6,17,25,0,0,59,10,8,9,2,92,0,5,6,6,9,3,1,3,74,2026,8,11,1
73,1,20,2,0,1,0,2,1,85,4,1,50,14,27,29,0,2,42,5,9,6,2,145,2,4,7,10,10,3,2,3,71,2026,8,14,4
74,7,18,0,2,4,6,0,1,83,5,2,48,9,20,22,1,0,80,2,9,7,2,81,0,3,8,2,3,3,2,1,71,2026,8,3,0
75,2,18,2,1,1,7,2,5,69,3,2,54,11,39,24,1,2,49,2,4,2,5,61,0,4,5,3,5,5,2,3,61,2026,8,14,4
76,0,19,0,0,2,3,2,1,64,3,2,53,15,18,25,1,1,46,8,1,3,4,139,0,3,5,8,5,5,2,1,80,2026,8,5,2
77,1,20,0,0,1,7,1,8,74,4,1,31,15,15,18,0,1,42,9,1,6,1,145,2,6,5,9,8,2,1,3,85,2026,8,5,2
78,0,17,0,1,3,6,2,9,51,5,0,59,6,38,8,0,0,58,6,3,6,1,114,1,4,7,4,3,3,3,3,74,2026,8,2,6
79,7,18,2,2,1,6,0,1,78,5,0,30,7,18,26,0,1,62,9,5,3,3,93,0,4,7,6,9,5,3,2,85,2026,8,20,3
80,5,17,1,0,1,4,0,7,61,4,1,58,10,19,16,1,2,55,3,1,10,4,113,1,5,6,5,3,2,2,3,90,2026,8,3,0
81,4,17,0,0,2,3,1,9,68,3,2,36,10,21,25,0,0,77,3,4,6,2,131,0,5,7,6,1,2,1,3,66,2026,8,17,0
82,3,20,1,0,4,4,2,8,74,5,0,56,8,22,25,1,2,63,2,5,10,3,87,1,4,6,2,9,2,3,2,81,2026,8,25,1
83,2,16,1,1,2,4,1,9,90,6,2,60,11,16,26,0,2,40,3,9,5,2,77,2,3,7,4,7,3,1,3,66,2026,8,14,4
84,8,19,1,2,1,6,1,4,80,4,1,34,13,31,20,0,1,80,10,7,8,1,85,2,2,6,2,10,5,2,1,75,2026,8,19,2
85,1,20,2,0,0,4,2,8,50,3,0,52,7,16,20,0,2,79,10,1,6,4,51,1,5,5,1,4,5,1,2,77,2026,8,11,1
86,1,16,0,2,4,7,1,3,65,4,1,53,8,29,14,0,1,63,7,8,6,4,112,2,4,8,7,2,3,2,2,82,2026,8,24,0
87,3,20,0,1,2,5,2,2,72,3,2,51,11,26,23,0,1,61,5,6,8,1,126,0,5,8,5,10,5,3,1,88,2026,8,4,1
88,8,19,0,0,1,0,1,7,75,5,1,51,14,37,12,1,2,40,5,7,4,4,141,2,5,8,3,6,3,2,2,73,2026,8,7,4
89,2,19,2,1,2,2,1,8,68,4,0,34,9,38,6,0,2,79,2,1,5,1,116,1,6,8,4,4,4,1,1,66,2026,8,20,3
90,3,20,1,0,3,4,1,10,53,2,2,54,11,32,15,1,1,38,4,8,6,1,140,2,6,5,9,4,3,3,1,77,2026,8,11,1
91,9,17,1,2,0,2,2,6,52,6,2,39,9,15,20,1,0,64,7,8,3,2,133,0,3,6,8,1,5,1,1,78,2026,8,28,4
92,4,16,2,2,3,3,1,1,53,5,0,42,6,19,19,1,2,48,5,10,4,1,112,1,5,5,7,4,2,3,2,80,2026,8,18,1
93,4,18,1,1,1,8,2,10,79,6,0,40,7,37,9,0,2,53,9,3,8,2,93,2,3,7,10,4,5,1,2,82,2026,8,9,6
94,4,17,1,0,1,4,1,10,58,4,0,38,12,16,22,1,0,45,10,1,6,1,68,1,2,6,7,9,4,2,3,75,2026,8,14,4
95,5,20,0,2,1,6,1,3,61,5,0,53,7,28,10,0,1,56,5,3,6,3,68,2,4,8,7,1,5,2,2,68,2026,8,7,4
96,5,17,0,2,0,0,0,8,52,3,1,36,11,35,22,1,0,56,1,5,1,4,57,1,2,7,3,2,2,2,2,77,2026,8,2,6
97,6,20,0,1,4,1,0,1,58,3,1,50,12,33,22,0,2,79,5,6,4,2,119,1,6,6,5,9,2,3,2,63,2026,8,2,6
98,8,17,2,2,0,8,0,5,59,5,0,36,9,19,16,0,0,54,9,10,6,5,132,1,2,6,5,1,3,2,2,77,2026,8,1,5
99,2,20,0,0,0,7,1,7,90,2,0,41,11,21,21,0,1,37,2,1,3,4,114,2,3,6,2,5,4,1,2,76,2026,8,12,2
100,1,18,2,2,1,9,1,1,51,3,1,35,10,25,16,0,0,52,3,4,7,2,61,0,3,8,3,2,5,1,2,66,2026,8,8,5
101,1,19,2,2,2,6,2,4,85,3,1,58,6,39,12,0,1,77,3,4,7,4,136,0,6,5,6,3,5,3,3,60,2026,8,24,0
102,0,18,2,2,1,3,2,3,90,3,1,45,13,17,5,1,0,74,7,10,5,1,59,1,6,5,7,1,5,3,3,66,2026,8,22,5
103,3,20,2,2,0,7,0,3,64,5,0,53,9,32,7,0,1,41,5,3,7,4,113,1,4,5,9,9,5,3,1,71,2026,8,7,4
104,5,19,2,0,2,8,0,10,87,5,2,31,12,25,24,1,2,67,9,10,3,3,93,1,6,8,1,2,3,3,2,85,2026,8,10,0
105,2,18,2,0,0,1,1,5,65,3,2,49,11,31,25,0,2,53,6,10,1,5,85,1,2,8,7,7,5,2,1,86,2026,8,6,3
106,2,16,1,0,2,3,2,9,74,4,1,36,14,40,19,0,1,75,7,10,5,5,106,0,3,7,8,5,3,3,2,86,2026,8,17,0
107,1,18,0,0,1,3,1,9,90,5,1,53,15,25,29,1,1,68,3,5,4,1,145,1,3,5,10,6,2,3,3,65,2026,8,4,1
108,3,20,0,1,4,7,2,8,64,3,0,54,14,38,12,0,2,63,4,1,2,1,88,1,3,8,1,1,5,3,3,78,2026,8,28,4
109,7,20,0,2,3,2,2,7,74,3,0,50,7,31,24,0,2,32,1,8,10,1,64,1,4,8,10,8,2,1,1,72,2026,8,4,1
110,8,18,1,2,0,4,0,8,74,2,2,30,7,17,27,0,0,52,4,6,4,2,82,1,4,8,3,7,3,2,3,77,2026,8,23,6
111,0,18,1,1,1,5,2,3,74,6,1,40,10,19,7,0,0,76,7,3,6,3,97,2,2,5,7,5,3,3,3,77,2026,8,2,6
112,0,20,2,2,3,4,0,8,51,2,0,32,10,16,9,1,0,33,10,5,8,4,139,2,6,8,4,1,4,2,2,87,2026,8,4,1
113,8,19,2,1,1,4,0,1,70,6,1,39,13,28,7,0,0,31,2,10,7,2,138,0,2,7,9,5,5,1,3,73,2026,8,7,4
114,2,16,1,2,2,7,0,8,57,4,0,54,7,26,26,0,1,41,10,4,9,5,82,2,2,7,9,6,3,3,2,70,2026,8,27,3
115,2,16,1,2,3,9,0,7,74,4,0,55,8,21,22,1,2,45,2,5,7,2,108,0,4,8,2,7,2,3,1,88,2026,8,14,4
116,9,20,1,2,4,8,1,8,65,4,0,44,9,26,21,1,1,43,9,6,9,4,127,1,4,6,4,2,3,3,1,62,2026,8,15,5
117,3,18,1,0,1,8,0,7,75,5,2,43,12,34,30,0,2,79,4,7,5,2,127,0,4,6,8,5,4,3,1,68,2026,8,11,1
118,3,18,2,0,0,7,1,7,58,3,0,31,11,35,29,1,2,41,6,10,6,4,101,2,3,5,8,6,2,1,2,72,2026,8,17,0
119,8,20,0,1,3,4,1,3,54,6,1,60,14,40,15,0,0,44,9,7,7,3,65,2,6,7,1,4,5,3,2,76,2026,8,20,3
120,8,18,1,1,2,1,2,1,55,5,1,41,5,30,28,0,2,76,6,2,2,5,68,1,2,5,3,4,4,1,1,88,2026,8,17,0
121,5,20,1,1,4,2,2,3,76,6,1,60,9,34,20,1,1,46,3,4,8,3,135,1,2,6,10,1,3,2,2,66,2026,8,21,4
122,3,17,1,1,4,0,2,3,70,5,1,54,6,21,28,0,1,33,4,5,3,4,136,1,6,7,7,3,3,3,1,81,2026,8,15,5
123,9,20,1,0,2,4,1,7,90,3,0,53,11,28,6,1,2,66,1,7,8,4,120,2,6,7,9,2,4,2,3,78,2026,8,16,6
124,3,20,0,2,4,2,2,1,71,5,0,37,11,40,29,0,1,78,8,6,6,2,56,2,3,7,1,5,3,2,1,86,2026,8,23,6
125,4,17,0,2,4,4,2,1,88,5,1,58,13,24,30,0,2,54,7,7,10,1,127,1,3,5,8,3,3,2,1,67,2026,8,10,0
126,7,17,0,2,0,4,2,4,84,4,1,33,15,35,15,0,1,58,7,4,5,5,137,0,3,6,7,5,3,2,1,65,2026,8,8,5
127,4,16,1,0,4,6,1,2,67,6,1,49,15,31,24,1,2,71,9,6,9,2,114,1,2,5,3,7,3,1,1,67,2026,8,23,6
128,2,20,0,0,1,1,1,2,58,6,1,30,14,29,16,0,0,36,4,3,6,2,144,2,3,5,2,3,5,1,3,64,2026,8,28,4
129,7,17,2,0,3,7,0,3,83,2,1,60,13,22,21,1,2,70,5,7,3,1,94,2,5,6,9,8,4,2,2,75,2026,8,20,3
130,2,19,0,1,0,4,1,8,59,2,1,49,15,34,16,1,1,67,10,6,8,1,129,0,5,8,6,5,2,3,2,60,2026,8,2,6
131,3,20,1,1,2,6,1,1,73,5,0,59,9,36,29,0,0,61,2,6,1,4,91,0,4,6,8,5,2,3,3,60,2026,8,28,4
132,5,17,1,0,3,0,1,10,63,5,2,34,6,26,22,1,0,42,8,6,3,4,135,2,6,8,10,2,2,1,3,83,2026,8,3,0
133,7,20,1,1,0,6,0,5,63,2,2,39,8,25,13,1,0,62,4,10,2,5,57,1,5,5,5,9,2,3,2,86,2026,8,9,6
134,7,17,0,0,4,3,0,5,80,6,1,37,10,36,15,1,0,30,8,6,5,1,133,0,5,8,2,8,3,2,2,71,2026,8,15,5
135,0,17,1,2,0,9,0,1,63,5,0,37,11,39,30,1,1,51,9,4,6,2,66,2,5,6,2,5,4,3,1,77,2026,8,19,2
136,2,16,2,0,3,3,2,10,55,2,0,50,15,22,7,1,0,55,5,6,8,2,55,0,6,6,3,5,5,3,2,82,2026,8,19,2
137,4,18,1,1,2,4,1,4,59,2,0,46,8,23,7,1,2,32,10,7,8,1,142,0,4,8,4,5,3,3,1,68,2026,8,14,4
138,8,18,2,1,1,2,0,7,59,4,0,32,15,32,19,1,0,49,10,5,1,5,122,0,4,7,9,5,5,2,1,73,2026,8,1,5
139,8,19,2,2,2,6,0,5,81,4,1,60,10,19,7,0,0,58,5,3,4,3,55,1,5,6,1,6,3,1,1,69,2026,8,12,2
140,2,20,1,2,2,3,0,3,56,5,1,51,8,17,8,0,0,80,2,4,5,1,147,0,4,5,10,7,5,3,2,82,2026,8,25,1
141,2,17,0,1,3,6,0,10,60,4,0,38,8,18,26,1,0,80,4,1,6,1,74,1,6,8,8,6,2,1,2,63,2026,8,17,0
142,4,16,1,0,3,2,1,3,90,6,1,42,5,30,12,1,1,48,8,5,7,2,67,1,5,6,5,4,2,3,1,78,2026,8,27,3
143,8,16,0,2,3,9,0,7,63,4,2,49,8,19,10,0,1,66,6,4,3,2,124,1,5,5,8,6,3,1,3,87,2026,8,18,1
144,9,16,0,1,3,5,2,7,58,5,0,47,10,27,20,0,0,46,4,6,2,2,118,1,3,5,6,2,4,1,3,78,2026,8,28,4
145,2,19,2,1,4,4,1,4,65,5,2,43,11,34,18,0,1,30,4,10,7,4,82,1,3,8,9,8,3,3,3,85,2026,8,12,2
146,0,17,0,0,3,8,0,9,87,4,0,45,8,23,10,1,1,74,3,2,5,5,112,1,2,5,7,1,3,1,1,64,2026,8,18,1
147,9,19,0,0,0,5,2,10,71,6,2,46,6,22,14,1,0,67,5,9,8,1,81,2,5,5,8,6,4,3,1,68,2026,8,20,3
148,7,18,0,0,3,8,0,4,88,3,0,30,11,39,17,1,0,38,8,5,7,2,117,0,3,8,10,8,3,2,2,75,2026,8,13,3
149,7,19,2,0,1,2,0,1,83,5,1,58,10,39,25,1,1,31,9,2,10,2,116,1,2,8,8,6,3,2,1,83,2026,8,13,3
150,1,17,2,2,2,5,1,10,66,3,1,52,13,16,20,1,0,61,7,10,10,2,143,1,6,5,10,7,4,1,2,85,2026,8,25,1
151,6,20,1,0,2,2,2,8,68,3,1,52,10,25,30,0,2,72,9,1,10,1,66,2,6,8,4,4,5,2,3,88,2026,8,5,2
152,4,17,2,1,3,3,0,10,81,2,1,59,13,31,26,0,2,62,8,9,2,1,61,1,2,5,8,1,5,2,1,74,2026,8,28,4
153,3,16,2,2,0,0,0,6,60,3,1,54,5,24,28,1,2,47,3,4,6,5,146,0,2,8,3,7,5,1,1,88,2026,8,25,1
154,9,18,0,2,2,9,2,5,78,5,1,60,11,25,28,0,2,65,1,6,5,2,86,1,6,7,3,9,4,1,2,65,2026,8,5,2
155,3,17,1,1,4,0,0,7,76,5,2,57,10,25,11,0,0,58,8,7,9,1,130,2,3,8,2,7,3,1,3,61,2026,8,10,0
156,9,18,0,2,4,2,1,9,81,2,2,48,8,39,6,1,2,33,10,4,4,1,113,2,5,8,3,3,4,3,3,79,2026,8,13,3
157,9,20,0,2,4,1,1,3,69,6,0,47,13,20,16,0,1,65,5,10,5,5,135,0,4,7,3,4,4,2,2,81,2026,8,1,5
158,5,19,0,0,3,2,2,8,88,4,0,49,15,20,7,1,0,55,5,8,7,4,53,2,3,8,8,5,2,1,2,68,2026,8,4,1
159,6,20,2,2,0,0,2,6,77,6,1,32,14,27,7,1,0,46,2,4,4,2,80,2,6,7,9,4,4,3,1,88,2026,8,18,1
160,7,20,1,2,4,8,2,2,73,3,0,46,10,23,25,0,2,80,6,3,10,3,61,2,5,5,2,7,3,1,3,64,2026,8,27,3
161,0,18,2,0,0,6,1,1,50,5,2,42,8,32,13,1,2,74,7,10,7,5,70,1,6,7,5,8,4,1,2,81,2026,8,14,4
162,4,19,1,2,0,3,1,2,53,4,2,38,8,31,11,0,2,67,7,3,1,3,129,0,2,8,7,5,2,3,1,81,2026,8,16,6
163,8,20,1,1,3,6,1,7,64,2,0,32,11,36,15,0,2,62,5,10,2,1,93,0,6,6,7,5,5,2,3,76,2026,8,5,2
164,0,17,0,2,3,9,2,10,55,3,0,52,11,31,9,0,0,36,9,2,4,2,107,0,5,8,9,1,4,2,2,87,2026,8,5,2
165,0,20,0,0,2,7,1,8,52,5,0,45,10,22,19,1,2,31,9,1,8,1,80,1,3,7,10,7,5,3,3,75,2026,8,18,1
166,5,18,2,1,1,7,0,5,67,4,2,50,14,15,8,1,1,73,4,8,1,4,144,0,4,5,9,2,2,2,2,64,2026,8,25,1
167,6,20,1,2,0,9,1,2,86,2,1,31,9,24,21,0,1,48,9,8,1,5,102,2,4,6,6,7,5,3,1,85,2026,8,12,2
168,9,19,2,2,3,1,0,6,72,2,0,55,8,17,7,0,2,78,2,7,5,4,124,2,4,7,4,5,2,1,2,63,2026,8,3,0
169,1,19,2,2,1,6,0,5,88,4,0,39,13,15,12,1,0,56,4,6,3,3,50,0,6,7,7,2,2,1,1,82,2026,8,7,4
170,4,16,1,1,2,3,2,7,83,4,1,36,6,35,7,1,1,34,8,5,6,5,111,0,2,5,1,3,5,1,3,67,2026,8,17,0
171,2,17,1,1,2,5,1,5,65,6,1,39,7,31,23,1,2,40,8,10,3,2,97,2,3,6,7,7,3,3,1,86,2026,8,4,1
172,2,17,0,1,4,0,1,10,70,6,1,44,12,37,21,0,1,73,6,2,9,1,138,2,4,5,4,6,3,3,2,73,2026,8,15,5
173,2,19,1,0,0,6,2,6,87,5,1,45,11,22,17,0,2,48,7,8,5,1,125,1,3,8,9,6,5,3,2,86,2026,8,22,5
174,1,17,2,2,4,4,0,6,51,5,2,33,14,35,15,0,2,49,3,5,8,4,89,1,3,5,5,5,5,2,2,60,2026,8,18,1
175,6,18,0,2,0,8,2,1,54,6,0,55,5,23,23,1,2,78,7,5,10,3,87,1,6,5,4,1,4,1,2,79,2026,8,13,3
176,1,20,0,0,2,0,1,1,76,6,0,41,9,26,30,0,0,67,2,10,6,1,117,1,6,8,9,1,3,1,3,87,2026,8,5,2
177,5,16,0,2,0,7,0,7,81,4,1,37,15,38,11,0,2,38,1,2,6,1,99,2,4,5,8,2,5,1,3,65,2026,8,4,1
178,5,16,1,1,3,0,2,7,54,4,1,35,13,27,23,0,2,75,5,3,5,4,118,2,6,6,7,3,5,1,3,70,2026,8,20,3
179,9,18,2,1,0,5,2,5,73,4,1,57,14,25,22,0,0,56,5,7,10,2,149,1,5,8,7,6,3,2,1,80,2026,8,17,0
180,4,20,1,0,3,6,1,6,77,2,1,55,9,22,10,1,1,35,8,1,9,1,144,1,5,5,9,1,2,3,3,71,2026,8,9,6
181,8,17,1,2,3,8,0,6,85,5,0,48,9,21,28,0,1,52,4,3,7,1,54,1,3,8,4,1,5,1,2,61,2026,8,2,6
182,5,18,1,1,3,8,1,10,89,5,1,48,13,33,24,0,2,49,9,2,7,4,60,0,2,5,5,3,3,2,2,61,2026,8,17,0
183,6,16,2,1,4,8,1,6,66,2,0,49,15,28,19,0,2,39,6,2,6,3,98,2,3,5,5,2,5,2,3,75,2026,8,8,5
184,4,17,1,1,2,7,0,5,58,2,1,58,8,29,26,0,2,67,7,2,6,4,104,1,4,8,3,10,5,2,3,87,2026,8,1,5
185,9,18,1,2,2,1,0,7,57,6,0,32,7,23,26,0,0,48,7,1,8,5,134,2,2,6,8,7,3,2,3,81,2026,8,21,4
186,7,17,0,2,0,8,1,10,74,4,2,59,13,37,23,1,0,79,7,1,6,5,143,0,5,8,10,2,2,1,2,85,2026,8,26,2
187,9,20,0,2,0,5,1,8,61,6,2,53,8,33,10,0,1,33,7,6,10,1,127,2,4,7,9,8,4,3,2,76,2026,8,1,5
188,2,16,0,0,0,6,0,1,60,3,0,58,14,36,9,1,1,56,1,9,10,2,131,2,2,6,4,4,5,1,3,89,2026,8,6,3
189,0,17,0,2,1,1,0,6,74,6,0,52,5,17,10,0,1,33,7,3,8,4,130,2,4,6,10,6,5,3,1,75,2026,8,26,2
190,5,17,1,1,2,8,2,4,60,4,1,53,8,26,28,0,0,77,8,5,2,2,120,2,3,7,6,9,4,2,1,71,2026,8,3,0
191,2,20,0,0,0,0,2,7,74,4,1,52,10,25,27,0,0,35,6,1,7,1,110,1,5,6,6,7,4,1,2,66,2026,8,1,5
192,7,20,1,1,0,6,1,7,71,2,2,40,8,21,11,0,1,61,5,6,8,5,104,0,6,6,3,7,2,3,1,68,2026,8,12,2
193,4,19,0,2,4,5,2,5,53,3,2,55,11,15,23,0,1,75,4,2,4,2,58,0,4,8,8,7,4,2,1,87,2026,8,1,5
194,2,18,1,2,2,3,0,2,65,6,0,37,8,36,8,0,1,56,8,3,10,1,88,2,6,7,3,8,4,2,2,83,2026,8,10,0
195,9,17,0,0,0,5,0,1,59,5,2,30,7,28,5,1,1,67,4,2,5,2,91,2,6,7,8,10,3,1,1,66,2026,8,18,1
196,8,19,2,0,3,9,2,9,78,3,1,33,14,33,18,1,2,64,6,4,7,1,141,2,4,7,2,4,2,3,1,72,2026,8,16,6
197,5,19,1,2,2,4,2,2,61,4,2,35,8,32,18,0,0,40,10,7,3,1,109,2,3,5,9,4,5,2,1,74,2026,8,22,5
198,5,17,1,1,4,8,0,1,54,6,0,37,12,40,14,0,1,48,3,2,5,2,91,2,4,5,4,5,5,2,2,83,2026,8,21,4
199,1,18,2,1,3,3,2,4,68,3,2,46,10,25,8,1,0,53,5,1,3,2,143,1,2,7,2,1,4,1,1,67,2026,8,21,4
200,9,18,1,2,0,7,0,10,79,6,2,60,15,26,11,1,0,56,8,10,9,3,84,2,4,5,3,2,5,1,3,77,2026,8,24,0
201,3,17,2,1,1,7,1,5,80,4,1,40,11,35,5,1,1,79,5,9,5,1,122,0,5,7,8,3,4,2,3,75,2026,8,10,0
202,7,19,2,1,3,9,2,10,62,5,1,60,14,30,20,1,2,61,10,6,8,1,110,1,6,7,6,8,5,2,1,78,2026,8,19,2
203,1,17,2,2,1,9,2,9,81,3,0,39,13,22,25,1,1,59,2,9,5,1,122,2,5,6,10,5,2,2,2,71,2026,8,12,2
204,9,16,1,1,4,7,1,5,80,2,2,43,13,21,19,1,0,59,1,8,9,1,80,0,3,6,2,3,2,2,3,64,2026,8,22,5
205,7,16,0,1,1,3,1,10,59,2,1,50,5,39,26,0,2,31,2,5,1,3,78,2,4,6,3,1,4,1,2,67,2026,8,20,3
206,2,20,2,0,3,0,2,2,71,6,2,53,13,30,13,1,1,49,10,4,5,1,122,0,3,7,1,3,3,1,1,75,2026,8,3,0
207,3,17,1,0,0,5,0,5,51,2,2,32,14,16,29,0,0,69,4,9,6,1,70,2,2,6,3,3,5,3,2,61,2026,8,20,3
208,8,19,1,0,1,1,2,8,87,6,2,55,6,30,21,0,0,38,3,4,7,1,62,0,3,5,5,9,3,1,3,70,2026,8,13,3
209,4,20,2,1,4,3,1,10,50,6,0,60,7,17,21,1,2,62,3,9,10,5,66,1,3,6,7,6,2,2,3,82,2026,8,15,5
210,0,20,0,2,0,1,0,5,86,6,2,58,10,30,8,1,1,63,3,1,1,2,50,1,3,8,6,6,2,1,2,87,2026,8,16,6
211,8,20,0,0,0,6,1,10,68,6,2,33,11,24,24,1,1,73,4,2,4,4,89,1,4,6,8,9,2,3,3,73,2026,8,19,2
212,6,19,0,2,0,5,2,9,80,2,0,32,8,36,7,0,2,60,1,2,3,2,76,0,3,5,9,9,5,1,3,89,2026,8,9,6
213,4,18,0,1,0,1,0,7,60,2,0,31,6,36,24,1,1,51,1,7,5,4,94,1,6,7,10,10,3,2,3,82,2026,8,17,0
214,1,16,2,2,0,5,0,8,56,6,0,33,5,16,14,1,1,53,6,6,5,2,81,0,6,7,3,4,4,3,3,86,2026,8,28,4
215,4,18,2,0,4,6,1,8,66,4,1,42,9,21,22,0,2,42,6,8,5,5,80,0,5,6,8,9,5,2,1,90,2026,8,20,3
216,1,17,1,1,2,3,0,6,56,6,2,53,12,31,12,1,2,40,1,7,4,2,121,1,4,8,10,5,4,1,1,64,2026,8,6,3
217,5,20,0,2,2,7,0,3,81,4,2,49,7,29,8,0,1,58,5,3,6,3,115,2,6,7,2,5,2,3,1,70,2026,8,7,4
218,4,17,1,1,2,4,2,2,53,6,0,57,10,33,11,0,0,37,5,8,1,4,57,1,5,5,4,3,5,1,1,66,2026,8,4,1
219,0,16,2,0,4,4,0,9,56,4,0,44,9,26,21,0,0,63,3,2,5,1,102,2,5,6,8,4,2,2,2,74,2026,8,4,1
220,2,16,1,1,0,5,1,2,68,2,1,37,8,31,21,0,2,68,9,10,3,5,136,1,6,8,5,8,2,2,2,77,2026,8,18,1
221,3,20,0,1,3,0,2,1,60,4,1,44,5,36,25,0,0,71,10,1,10,1,101,0,2,6,8,3,4,1,2,80,2026,8,13,3
222,4,17,1,1,4,1,2,4,72,5,1,60,15,28,16,0,1,47,10,10,5,2,129,1,4,6,3,10,5,2,2,71,2026,8,16,6
223,5,20,0,0,3,1,2,7,74,6,1,30,10,36,5,0,2,58,7,3,6,2,122,0,5,7,10,2,4,2,2,77,2026,8,6,3
224,5,19,2,1,1,2,2,9,76,6,2,36,14,30,23,0,2,80,7,1,8,1,99,1,4,5,10,4,3,1,1,68,2026,8,15,5
225,1,17,1,0,3,6,0,8,54,5,1,30,13,26,18,0,1,39,5,5,7,5,140,1,4,7,3,1,4,1,1,60,2026,8,21,4
226,2,17,2,2,3,4,0,4,83,5,1,34,11,22,12,1,2,51,2,4,5,2,107,2,2,8,6,9,4,2,2,79,2026,8,13,3
227,4,18,1,0,0,2,2,4,60,6,0,55,10,25,28,0,2,53,7,7,5,5,72,0,4,6,1,10,5,3,3,83,2026,8,28,4
228,5,19,2,2,3,6,2,4,77,5,2,37,7,26,15,1,0,70,6,2,5,5,78,0,3,8,2,10,3,1,1,90,2026,8,25,1
229,1,18,2,1,3,0,2,4,72,2,2,54,8,23,24,1,1,60,7,2,7,2,70,1,6,6,2,3,4,1,3,77,2026,8,28,4
230,1,17,2,1,4,9,1,8,67,2,2,51,10,33,29,1,0,53,8,6,9,4,103,2,3,6,4,6,4,1,3,80,2026,8,6,3
231,3,17,1,0,1,6,0,4,75,2,2,50,11,39,20,0,0,54,1,10,2,1,79,2,4,5,10,4,3,3,2,86,2026,8,28,4
232,3,17,2,2,4,3,1,3,81,5,2,44,11,19,15,0,2,74,3,1,6,4,90,2,3,5,10,10,5,2,1,76,2026,8,25,1
233,5,17,1,1,0,9,0,1,67,2,1,33,10,26,26,0,1,43,5,8,5,5,139,1,6,6,6,6,2,2,2,62,2026,8,28,4
234,5,16,2,2,4,1,0,1,84,3,0,53,5,28,29,1,2,56,10,2,6,4,60,0,6,7,5,2,5,1,2,70,2026,8,21,4
235,5,17,1,0,0,4,0,2,68,2,0,32,10,35,11,0,1,61,6,7,2,3,60,0,6,8,2,3,5,1,1,69,2026,8,14,4
236,7,17,2,1,1,4,0,2,55,6,0,46,6,18,9,1,0,50,3,2,2,1,76,0,4,8,5,5,5,1,2,90,2026,8,26,2
237,1,18,2,1,4,4,2,6,66,6,2,33,8,38,27,1,2,32,7,10,9,1,70,0,5,5,9,1,2,1,2,60,2026,8,24,0
238,9,18,0,0,4,4,1,10,52,6,1,53,9,26,11,1,2,35,7,8,4,1,86,2,3,8,5,5,3,3,3,63,2026,8,28,4
239,8,18,2,0,2,7,1,4,63,3,2,47,14,29,13,1,1,67,4,8,2,2,138,0,4,6,5,3,3,2,3,70,2026,8,7,4
240,2,17,1,2,0,8,1,7,80,5,0,49,7,39,18,1,1,43,2,4,3,1,57,0,4,8,1,5,4,1,1,66,2026,8,13,3
241,1,16,2,2,3,5,1,10,56,2,1,42,8,24,29,0,1,44,5,10,9,4,118,2,4,7,7,7,4,2,2,75,2026,8,16,6
242,7,19,2,1,4,1,2,1,67,6,1,36,12,20,14,1,0,36,9,6,5,1,52,0,3,5,3,3,4,1,1,80,2026,8,1,5
243,1,16,0,0,4,1,2,9,53,5,1,41,14,26,25,0,2,34,10,10,8,1,58,1,2,7,9,4,5,3,1,63,2026,8,21,4
244,6,19,0,0,3,0,1,9,62,5,2,30,10,28,30,0,1,73,5,4,10,3,64,1,5,8,8,2,3,2,3,70,2026,8,20,3
245,4,17,1,0,2,3,0,5,83,6,2,49,11,27,29,1,2,41,8,6,1,5,139,0,3,8,5,10,4,2,1,66,2026,8,21,4
246,5,16,1,1,1,7,2,9,90,3,2,59,9,21,22,0,1,77,3,6,2,2,125,0,4,5,4,4,4,2,3,62,2026,8,19,2
247,5,17,0,0,3,1,1,4,53,3,2,44,14,36,12,1,2,33,10,7,9,1,144,2,5,5,3,7,5,3,1,87,2026,8,22,5
248,5,17,0,2,4,0,1,10,79,6,1,48,14,24,26,1,2,74,2,6,4,5,65,0,2,8,6,2,3,1,1,84,2026,8,17,0
249,5,19,0,1,3,5,0,7,74,4,1,30,10,19,24,1,0,49,4,6,6,1,146,1,3,7,6,10,4,2,1,71,2026,8,3,0
250,1,20,0,2,4,4,0,7,57,5,1,44,7,32,19,0,0,66,4,5,1,2,150,0,2,7,9,4,2,3,3,70,2026,8,25,1
251,1,19,0,1,4,7,0,8,71,4,1,45,12,25,15,1,0,52,8,1,5,1,98,0,6,5,9,4,4,2,2,78,2026,8,10,0
252,4,20,2,1,4,2,0,8,57,5,2,44,6,29,13,0,0,64,7,5,4,1,85,0,6,8,3,1,4,2,1,79,2026,8,18,1
253,7,17,0,1,4,4,2,4,88,4,0,58,6,30,9,0,1,51,5,8,5,4,53,0,3,6,5,3,4,3,2,78,2026,8,26,2
254,9,19,0,0,4,3,2,1,70,5,0,58,9,32,25,1,1,75,7,10,4,4,57,0,5,8,7,2,4,2,3,63,2026,8,22,5
255,7,19,1,2,3,7,2,9,75,3,2,39,6,20,13,1,0,55,7,8,10,5,122,0,3,8,10,5,4,2,3,84,2026,8,15,5
256,7,19,1,2,3,7,0,10,79,6,0,51,14,19,10,1,2,51,7,1,3,3,147,0,5,6,2,8,3,2,3,67,2026,8,17,0
257,9,19,1,0,4,7,0,2,83,3,2,45,6,36,15,1,2,36,3,9,7,4,136,2,3,8,8,10,5,1,3,78,2026,8,16,6
258,0,18,1,2,2,5,0,3,63,6,2,42,11,27,24,1,1,40,8,10,8,4,87,2,2,5,4,8,5,1,3,67,2026,8,10,0
259,2,19,0,1,0,6,1,3,89,3,0,39,5,31,21,0,1,72,10,10,2,1,122,1,6,6,3,4,2,1,3,78,2026,8,16,6
260,4,17,0,2,4,6,0,8,86,3,2,39,13,27,17,1,2,76,8,8,6,1,126,1,3,6,8,4,5,3,1,88,2026,8,16,6
261,0,18,2,2,3,8,0,10,61,3,1,51,11,22,6,1,2,65,9,7,9,3,106,1,3,8,2,8,3,1,1,74,2026,8,22,5
262,2,18,0,0,4,8,1,8,69,4,2,42,15,32,30,0,1,52,4,4,10,5,122,2,3,8,8,9,2,3,1,85,2026,8,8,5
263,2,18,2,2,0,6,2,1,72,2,1,32,5,23,12,0,1,72,1,10,8,5,56,2,3,7,10,4,3,3,2,63,2026,8,12,2
264,6,19,1,2,4,8,0,5,60,5,1,32,13,16,9,0,2,61,10,1,10,1,136,2,2,6,1,3,4,3,2,70,2026,8,1,5
265,0,17,1,1,1,3,2,8,86,6,2,38,8,40,12,0,1,34,3,6,10,4,129,2,3,6,8,6,2,2,2,79,2026,8,6,3
266,1,16,2,0,3,3,2,5,59,6,0,45,12,35,7,0,2,52,6,5,3,4,129,0,2,7,4,8,4,1,3,89,2026,8,28,4
267,0,16,0,0,3,4,1,5,83,4,1,60,8,27,13,0,1,64,9,7,1,5,145,1,3,5,8,3,3,3,1,78,2026,8,19,2
268,9,20,2,2,3,4,1,10,72,4,1,55,7,21,26,1,1,32,4,6,6,4,136,2,3,7,6,2,2,2,1,60,2026,8,26,2
269,8,18,0,1,2,7,2,1,70,5,1,34,12,32,15,1,2,44,6,10,7,3,82,2,3,7,5,2,5,3,3,78,2026,8,6,3
270,5,19,2,1,2,0,2,2,75,4,0,52,12,28,20,1,2,32,7,4,2,3,66,0,5,5,2,1,2,3,3,79,2026,8,3,0
271,2,20,2,1,4,9,1,8,88,6,1,42,9,23,19,0,0,61,3,6,10,1,74,2,5,6,7,4,3,1,2,70,2026,8,25,1
272,9,16,2,2,2,2,1,9,85,3,2,42,11,25,26,0,2,67,1,9,4,3,94,1,6,5,9,10,5,3,1,60,2026,8,27,3
273,0,16,2,2,1,8,1,6,75,5,0,41,12,22,16,0,0,59,9,5,2,3,78,2,5,5,10,5,2,1,3,62,2026,8,22,5
274,7,18,1,0,3,6,2,5,90,6,0,56,11,20,29,0,2,79,8,10,3,1,132,2,4,6,7,1,2,2,3,71,2026,8,18,1
275,4,17,1,0,2,7,1,3,67,3,0,53,14,15,19,1,0,76,4,9,4,3,140,2,2,7,2,4,2,1,2,68,2026,8,25,1
276,6,20,1,1,2,3,0,1,89,4,1,57,6,26,12,1,2,43,8,1,8,2,85,2,2,7,3,4,2,2,3,73,2026,8,28,4
277,9,20,0,0,4,3,0,7,81,4,0,55,13,33,11,1,0,36,1,9,5,1,69,0,6,5,6,6,4,1,1,82,2026,8,11,1
278,0,17,0,1,0,0,0,10,61,3,1,55,10,20,20,0,0,50,10,4,3,2,77,0,2,5,8,4,4,1,3,70,2026,8,12,2
279,8,18,0,1,4,1,2,4,78,4,2,51,14,18,17,1,0,34,6,7,1,4,61,2,4,7,6,6,4,3,3,82,2026,8,7,4
280,4,18,1,2,0,6,2,2,52,4,1,31,5,19,10,0,1,50,3,7,3,3,126,0,4,8,10,9,2,1,2,89,2026,8,23,6
281,7,19,1,1,1,9,0,10,64,5,1,30,15,38,6,1,1,59,10,10,5,3,107,2,3,7,6,2,2,3,1,86,2026,8,13,3
282,5,17,0,1,1,7,1,1,75,6,2,60,15,33,28,0,2,58,5,4,6,3,89,0,2,5,6,5,5,3,2,81,2026,8,1,5
283,0,18,2,1,2,3,1,8,66,4,0,47,10,22,29,0,0,45,4,8,5,2,128,1,2,5,7,8,5,3,3,68,2026,8,25,1
284,1,20,1,1,4,2,1,9,88,2,1,46,5,25,9,1,0,60,7,10,6,3,71,1,3,5,1,4,4,3,2,64,2026,8,28,4
285,2,18,0,2,3,6,2,7,64,5,2,30,6,20,5,0,1,43,3,8,10,2,111,0,6,6,2,6,3,3,3,89,2026,8,13,3
286,8,20,0,2,4,5,1,3,57,2,1,45,10,37,9,1,1,56,8,6,4,5,96,1,2,7,2,3,3,3,2,82,2026,8,1,5
287,7,18,2,0,3,2,2,10,90,2,1,54,10,30,7,0,2,70,10,4,2,2,103,0,5,7,3,2,4,1,2,80,2026,8,13,3
288,3,20,2,1,0,3,1,2,60,3,1,50,6,15,13,1,1,55,6,2,9,1,146,1,5,8,3,4,5,2,2,73,2026,8,23,6
289,3,19,0,2,2,3,1,5,86,4,1,46,9,37,23,0,2,72,1,5,5,3,88,2,3,6,5,1,4,3,3,87,2026,8,20,3
290,5,20,1,2,3,5,0,9,53,4,1,32,7,33,13,1,0,71,1,6,1,5,77,0,3,6,1,1,3,3,3,90,2026,8,4,1
291,9,17,1,2,4,5,1,5,50,2,1,30,14,36,12,0,0,51,8,7,9,1,71,2,3,8,10,9,4,1,2,62,2026,8,27,3
292,9,16,0,1,2,6,1,7,90,4,2,38,5,26,25,1,1,75,9,1,9,3,58,1,4,8,3,6,2,3,3,62,2026,8,20,3
293,1,19,1,0,4,8,0,5,83,5,0,56,14,35,21,0,2,38,4,3,1,3,62,0,5,6,5,9,3,2,3,76,2026,8,12,2
294,6,16,0,2,0,1,1,3,86,3,2,48,6,34,25,0,0,67,1,10,7,5,87,1,2,6,5,6,3,3,2,83,2026,8,6,3
295,7,20,0,1,4,8,1,8,58,3,2,46,12,38,23,0,0,70,4,3,4,2,126,1,3,6,1,9,4,3,1,87,2026,8,25,1
296,3,19,1,0,3,8,1,10,84,2,0,50,6,33,17,1,2,36,2,8,6,3,140,1,6,5,7,5,4,3,2,74,2026,8,1,5
297,1,17,0,0,1,7,2,4,80,4,2,31,9,35,27,0,0,57,5,8,7,1,113,1,3,8,9,3,3,3,1,85,2026,8,8,5
298,8,16,2,2,2,5,0,8,58,4,0,33,8,17,14,1,1,73,10,10,8,2,69,0,3,6,3,1,2,1,3,65,2026,8,28,4
299,1,17,1,2,1,1,1,1,63,5,1,35,12,18,10,1,2,72,3,5,6,1,79,2,3,6,4,5,5,2,1,64,2026,8,11,1
300,0,16,2,1,4,8,2,2,57,3,0,52,10,30,18,1,2,33,3,7,1,4,150,0,5,5,10,4,3,2,2,83,2026,8,27,3
301,8,17,1,0,4,9,2,8,73,6,2,34,15,31,16,1,2,57,1,3,6,4,132,0,5,7,7,8,4,1,3,65,2026,8,23,6
302,7,18,2,0,1,7,0,1,54,3,0,32,7,17,23,1,1,61,6,1,7,1,83,2,4,8,2,10,3,1,3,83,2026,8,25,1
303,5,17,1,1,2,5,1,7,89,4,2,33,13,19,6,1,0,38,4,6,7,2,135,0,4,8,1,5,4,3,1,86,2026,8,14,4
304,8,20,1,2,2,4,1,10,64,5,0,47,5,32,27,1,1,37,1,8,7,4,150,1,2,7,3,8,4,1,3,80,2026,8,26,2
305,3,17,0,1,1,8,0,1,79,6,0,45,7,30,14,0,1,66,2,8,3,5,111,1,3,8,3,1,3,1,1,89,2026,8,17,0
306,1,16,2,0,3,0,0,7,51,6,1,56,9,39,24,0,1,52,5,3,3,4,61,2,5,5,9,1,4,3,3,68,2026,8,20,3
307,8,20,2,1,2,3,2,8,71,5,2,42,15,22,21,1,2,33,7,1,3,5,78,1,2,5,1,9,5,2,2,84,2026,8,7,4
308,7,17,1,0,4,8,1,8,78,4,2,50,14,23,27,1,0,63,3,5,3,1,66,1,3,7,6,3,4,3,3,85,2026,8,10,0
309,0,17,2,2,3,3,0,3,63,2,0,43,8,33,22,1,1,38,5,1,9,5,56,1,5,7,7,10,5,1,2,62,2026,8,14,4
310,3,17,1,2,1,6,2,9,53,2,2,49,8,40,20,1,1,74,4,2,6,1,74,0,4,6,3,9,2,3,2,74,2026,8,19,2
311,9,18,1,1,2,7,0,6,57,6,1,39,11,30,13,0,0,56,2,2,9,1,103,0,3,6,10,10,3,3,3,81,2026,8,17,0
312,5,18,0,1,1,2,1,6,81,3,2,38,14,16,24,0,0,66,1,9,5,5,92,1,4,8,6,9,3,3,2,86,2026,8,5,2
313,7,17,0,0,2,6,0,5,56,4,0,53,8,35,30,0,2,42,10,4,6,3,80,2,4,7,2,5,4,3,2,75,2026,8,15,5
314,5,20,0,2,4,9,1,9,77,5,2,58,9,25,9,1,2,63,9,1,1,3,112,1,5,5,4,3,2,1,1,66,2026,8,3,0
315,1,19,0,2,4,6,0,2,55,2,1,41,14,19,15,0,2,42,8,3,7,5,85,2,6,6,7,10,4,3,1,83,2026,8,23,6
316,6,17,1,0,3,5,1,5,59,3,0,42,7,26,7,1,0,76,8,9,4,4,81,2,6,8,9,2,4,1,2,74,2026,8,11,1
317,6,19,2,0,2,2,0,8,61,5,0,44,14,26,26,0,1,79,6,9,1,1,52,1,6,7,10,4,4,3,1,69,2026,8,23,6
318,6,20,0,1,3,7,2,10,67,5,1,31,8,20,24,1,1,59,6,2,1,3,112,0,3,5,5,4,3,3,3,80,2026,8,12,2
319,8,18,1,2,3,0,1,7,82,6,2,56,10,16,20,0,1,59,4,7,8,1,50,1,5,6,10,5,3,2,2,79,2026,8,15,5
320,7,16,1,0,1,7,0,2,80,6,0,48,15,28,10,1,2,31,7,7,5,3,99,1,2,7,1,4,4,1,3,74,2026,8,24,0
321,4,18,1,1,2,9,0,3,68,4,2,55,9,18,17,0,2,48,6,2,4,3,60,0,6,8,6,10,4,3,2,79,2026,8,12,2
322,5,20,2,1,1,2,2,6,73,6,1,52,15,16,7,1,2,61,1,7,5,4,150,0,3,8,3,3,3,2,2,60,2026,8,8,5
323,3,17,2,2,3,6,2,1,88,4,0,44,6,18,15,0,2,40,10,2,1,2,93,1,4,7,6,9,5,1,2,90,2026,8,24,0
324,4,20,2,0,3,3,2,9,57,4,0,33,8,35,9,1,1,43,6,3,5,2,92,0,4,5,10,10,3,1,1,62,2026,8,12,2
325,1,16,1,0,3,6,0,6,55,6,2,40,13,25,26,0,1,30,6,4,9,2,143,2,4,5,9,1,4,2,1,78,2026,8,3,0
326,9,19,0,2,2,3,1,2,59,3,1,33,5,34,23,1,0,53,4,6,6,2,70,2,3,6,8,8,5,1,1,79,2026,8,18,1
327,5,20,2,0,1,3,0,7,51,5,1,47,12,40,12,0,0,36,8,8,4,3,55,0,3,8,9,1,3,1,2,67,2026,8,13,3
328,3,16,0,0,0,5,2,4,56,6,1,39,5,34,6,1,0,67,7,7,2,4,142,2,4,8,2,2,3,1,2,74,2026,8,8,5
329,6,17,1,2,3,7,2,4,90,3,2,33,6,24,27,0,0,61,3,7,5,4,79,1,2,8,3,6,2,3,2,82,2026,8,12,2
330,1,20,1,1,3,4,2,2,58,5,0,41,9,28,27,1,1,30,2,1,6,2,58,1,6,8,4,10,3,2,2,63,2026,8,12,2
331,2,19,1,2,3,5,2,7,68,4,2,53,11,37,27,1,0,60,4,3,3,1,122,1,3,6,7,10,4,1,2,63,2026,8,1,5
332,0,18,1,2,0,3,1,2,50,6,0,33,11,38,11,1,1,33,9,4,10,1,89,2,4,6,7,10,3,2,2,84,2026,8,13,3
333,8,19,2,1,2,3,2,4,75,5,0,39,10,35,26,1,2,61,5,7,10,4,66,0,5,6,5,1,5,2,1,89,2026,8,4,1
334,6,20,2,0,2,3,1,3,77,4,1,54,8,17,28,0,0,64,1,3,5,1,80,0,4,6,8,10,2,1,1,81,2026,8,3,0
335,8,17,1,1,4,4,2,6,83,2,0,60,6,39,15,0,0,75,10,1,10,4,52,0,6,6,8,9,2,2,3,85,2026,8,9,6
336,9,17,1,2,2,4,1,9,64,6,2,57,14,17,27,0,1,79,7,8,1,4,89,1,4,6,3,10,4,3,1,61,2026,8,5,2
337,0,18,1,2,3,3,2,10,78,4,0,58,14,36,27,1,0,52,3,4,10,4,55,2,3,6,9,10,4,3,2,80,2026,8,2,6
338,4,18,0,1,4,3,2,5,56,2,0,48,14,26,18,0,2,47,9,5,1,3,115,1,6,6,3,8,2,1,2,84,2026,8,8,5
339,8,19,0,2,1,9,1,10,54,3,1,35,5,33,27,1,1,77,7,10,7,4,56,0,6,7,6,7,2,1,1,78,2026,8,18,1
340,8,18,1,2,1,6,1,7,62,6,0,33,13,34,28,1,1,49,3,3,3,1,84,1,5,5,8,3,4,2,1,62,2026,8,7,4
341,7,18,2,1,2,4,2,3,76,5,2,41,11,23,6,0,1,57,5,9,9,3,149,0,5,8,2,8,3,2,3,62,2026,8,18,1
342,5,19,1,0,3,0,1,5,64,4,0,43,12,40,22,0,1,79,5,8,4,5,112,0,4,5,1,8,4,3,1,78,2026,8,17,0
343,9,19,2,0,3,6,1,4,86,5,0,36,14,35,13,0,2,59,7,6,2,3,113,1,2,8,7,5,2,3,1,74,2026,8,10,0
344,0,18,2,1,0,6,1,2,74,3,2,30,12,24,5,0,0,77,7,6,3,5,127,1,3,8,2,4,4,2,2,77,2026,8,4,1
345,2,17,2,2,1,2,0,10,70,3,1,52,11,25,10,1,0,50,5,10,3,4,111,0,5,5,8,7,4,3,2,89,2026,8,8,5
346,3,19,2,1,1,9,1,2,76,6,1,54,6,30,21,1,2,50,9,7,1,1,107,2,2,8,5,7,4,1,2,71,2026,8,3,0
347,6,20,1,0,1,4,2,7,78,2,2,35,10,29,10,1,2,46,9,3,4,1,126,0,2,8,10,7,4,3,1,75,2026,8,19,2
348,0,16,2,1,3,6,1,1,62,2,1,33,7,19,11,1,0,53,8,7,5,5,93,0,3,7,10,10,4,3,1,73,2026,8,27,3
349,1,18,0,1,0,9,1,2,83,6,1,49,15,36,29,0,2,33,9,5,4,2,65,2,3,6,5,2,2,3,1,68,2026,8,18,1
350,8,18,1,1,2,3,2,3,64,4,1,47,13,36,6,1,1,60,7,5,8,4,105,1,6,6,7,7,2,3,1,89,2026,8,16,6
351,0,19,2,0,2,2,0,3,51,6,0,52,9,20,17,0,1,51,5,9,10,5,60,0,3,8,4,5,4,1,1,76,2026,8,15,5
352,5,20,2,0,3,7,2,3,89,3,2,59,5,26,9,0,1,46,9,5,5,1,144,1,3,6,3,7,2,3,1,64,2026,8,4,1
353,6,16,2,0,4,8,0,5,54,2,1,47,10,33,19,0,1,71,4,5,4,3,111,2,6,8,5,5,2,3,1,83,2026,8,8,5
354,7,18,1,0,0,5,0,3,86,2,2,59,11,23,20,1,2,77,8,8,2,3,105,0,6,5,7,10,4,3,3,62,2026,8,2,6
355,3,16,2,0,1,4,1,2,88,4,1,30,7,25,18,1,1,33,9,6,4,1,73,1,4,6,10,4,3,3,3,75,2026,8,22,5
356,3,17,2,2,1,0,1,10,57,4,1,35,14,15,21,1,1,53,6,10,10,5,133,1,2,6,10,9,5,2,1,66,2026,8,15,5
357,7,17,1,1,3,0,0,4,50,6,2,37,11,20,28,0,1,73,7,7,2,4,61,0,6,6,8,9,5,1,1,77,2026,8,16,6
358,2,19,1,0,3,7,2,6,76,4,0,59,13,17,8,1,0,74,9,8,6,2,76,1,6,8,9,4,3,3,2,63,2026,8,11,1
359,6,16,2,0,4,5,0,10,79,3,2,57,9,24,22,1,1,31,4,7,4,4,57,0,4,7,4,3,4,1,1,82,2026,8,24,0
360,5,18,1,1,3,6,1,10,87,3,1,48,6,29,17,0,0,49,5,7,9,1,118,1,6,6,10,4,3,1,2,63,2026,8,5,2
361,4,17,0,0,2,1,0,2,50,3,0,48,11,27,27,0,1,63,5,7,4,2,59,0,6,5,8,4,4,1,1,78,2026,8,10,0
362,8,17,0,0,4,1,0,1,74,5,2,45,13,15,9,0,0,61,7,6,10,5,136,1,3,5,7,1,2,2,1,86,2026,8,24,0
363,4,17,0,2,1,1,2,3,65,5,2,49,5,18,24,1,0,56,8,10,4,5,75,0,6,6,3,10,5,2,3,88,2026,8,15,5
364,2,17,1,1,4,3,0,1,85,6,0,60,14,40,8,0,1,76,9,8,7,1,145,0,4,6,3,8,3,3,1,64,2026,8,24,0
365,5,16,0,0,2,4,0,3,69,5,2,50,11,23,19,0,0,56,1,9,5,5,67,2,4,7,2,9,3,2,3,90,2026,8,25,1
366,5,19,2,0,4,4,0,10,71,2,1,34,7,29,11,0,2,66,10,10,9,3,141,1,5,8,4,7,2,2,3,77,2026,8,6,3
367,5,18,0,2,0,0,2,1,55,5,1,45,11,31,10,0,2,36,7,9,3,1,83,1,4,7,7,1,5,3,1,64,2026,8,24,0
368,4,19,2,2,4,0,1,7,85,5,1,43,13,16,30,0,1,53,9,9,4,2,104,1,5,8,5,3,3,1,2,72,2026,8,13,3
369,5,16,2,0,4,6,2,9,62,6,1,55,12,34,26,0,1,78,7,7,5,2,133,1,3,5,1,3,3,2,1,67,2026,8,16,6
370,7,19,1,1,4,6,2,9,57,4,0,46,13,26,27,1,1,69,4,2,6,1,67,2,3,5,3,8,5,1,3,73,2026,8,6,3
371,4,20,1,0,1,9,1,1,88,2,0,40,13,20,30,1,2,49,4,8,7,3,116,0,5,8,1,2,3,1,3,78,2026,8,22,5
372,1,19,2,0,1,1,0,10,56,3,2,45,9,28,30,1,0,35,6,5,3,4,118,1,2,8,3,3,2,2,2,88,2026,8,19,2
373,9,20,1,1,3,2,0,1,90,3,2,33,15,34,6,1,0,67,10,10,2,1,63,2,3,7,6,1,3,2,3,86,2026,8,22,5
374,0,18,1,2,4,3,2,4,51,4,2,56,11,15,7,0,1,53,8,10,8,2,68,0,6,6,10,3,3,1,1,82,2026,8,3,0
375,7,19,0,1,0,2,2,6,52,3,0,44,15,16,17,0,2,66,7,7,7,1,135,1,6,6,1,1,2,1,1,60,2026,8,23,6
376,5,16,1,0,3,6,2,3,78,5,0,58,13,19,16,1,2,78,2,3,6,4,121,1,5,8,6,2,4,1,1,77,2026,8,6,3
377,9,16,0,0,3,0,0,9,52,5,0,47,8,29,17,1,0,53,7,9,7,5,64,2,2,7,8,5,3,2,3,87,2026,8,5,2
378,2,17,1,0,0,2,1,8,63,4,2,31,8,37,7,1,0,48,2,6,7,4,89,0,4,6,9,4,5,1,3,78,2026,8,25,1
379,0,20,0,2,1,6,2,3,59,5,0,38,14,36,5,1,2,46,3,10,2,5,67,1,5,5,4,5,4,3,1,72,2026,8,20,3
380,3,19,0,1,3,1,2,5,74,4,1,55,12,36,11,1,1,64,5,6,10,4,93,0,4,7,2,10,2,3,1,79,2026,8,15,5
381,0,16,2,1,2,7,2,4,76,5,2,31,11,15,23,0,1,48,10,1,2,5,96,1,4,7,4,10,2,1,2,60,2026,8,17,0
382,8,17,0,1,4,0,1,3,63,5,0,46,5,39,15,0,0,42,5,10,3,4,135,1,5,6,1,9,4,1,2,74,2026,8,12,2
383,1,18,1,2,1,2,1,10,87,4,2,37,11,18,20,0,1,63,8,10,4,4,106,2,4,6,6,5,3,3,2,60,2026,8,22,5
384,6,19,0,2,1,1,1,6,52,3,0,37,6,31,6,0,2,48,2,8,6,3,72,2,2,7,8,1,2,3,1,89,2026,8,5,2
385,7,20,2,2,0,3,2,1,60,6,1,49,6,24,11,1,2,43,2,4,9,5,62,0,2,5,5,6,5,1,3,64,2026,8,16,6
386,9,18,1,2,3,6,1,2,57,4,0,58,7,33,9,0,0,52,9,9,3,1,128,0,4,6,10,6,4,2,1,88,2026,8,9,6
387,5,19,1,0,1,3,0,1,66,5,0,57,11,36,27,1,0,80,7,6,7,4,102,2,3,8,9,8,2,1,3,74,2026,8,26,2
388,0,19,2,0,1,1,0,8,69,6,1,60,8,29,20,1,1,70,10,4,10,3,109,1,6,5,4,3,3,3,3,90,2026,8,15,5
389,9,17,2,2,1,0,1,7,72,5,0,49,6,28,11,1,2,56,7,10,4,3,133,1,3,7,5,8,5,3,1,75,2026,8,21,4
390,7,20,1,0,4,0,1,4,52,2,1,41,13,19,28,0,1,55,7,4,10,2,60,0,2,7,10,8,5,2,3,85,2026,8,18,1
391,5,18,1,0,2,8,1,8,51,3,2,55,5,37,16,0,0,79,1,10,4,4,88,0,5,8,10,3,5,2,2,60,2026,8,10,0
392,3,16,1,2,4,2,2,2,65,5,0,50,12,17,13,1,0,71,10,2,3,2,144,2,6,7,6,9,3,1,3,65,2026,8,11,1
393,3,17,0,2,4,0,0,1,56,5,2,34,15,39,21,0,2,66,3,10,2,2,141,1,4,8,8,9,4,1,3,78,2026,8,26,2
394,8,19,1,1,1,6,2,5,88,5,2,53,6,30,17,0,2,72,7,5,4,3,68,2,2,7,8,2,3,3,3,64,2026,8,19,2
395,1,19,2,1,1,5,1,1,77,4,2,38,14,24,10,1,1,59,1,4,3,3,54,0,2,5,6,4,5,1,2,70,2026,8,1,5
396,5,20,0,0,1,6,0,4,78,4,0,55,6,25,24,1,2,61,9,5,6,1,107,2,3,5,1,3,2,3,3,73,2026,8,24,0
397,7,20,0,2,1,3,2,10,78,6,2,36,9,33,5,1,1,76,1,2,6,5,122,2,4,8,9,7,5,2,2,61,2026,8,7,4
398,0,16,1,1,4,7,0,10,71,2,2,40,15,16,19,1,1,66,1,8,9,4,103,2,4,5,1,5,3,2,1,71,2026,8,4,1
399,1,18,1,2,1,3,1,7,74,6,0,36,12,35,24,0,2,45,7,8,10,4,95,0,4,5,1,6,4,2,2,82,2026,8,12,2
400,4,17,1,2,2,0,1,3,53,4,0,36,10,26,22,0,2,30,7,6,10,3,120,0,2,6,9,3,3,1,2,65,2026,8,20,3
401,4,19,0,1,2,2,2,9,76,2,2,59,8,21,13,1,2,49,10,5,3,5,83,2,4,7,3,8,2,3,3,79,2026,8,26,2
402,6,17,0,2,4,3,2,3,64,4,0,36,13,19,26,1,0,47,5,4,3,5,146,1,6,6,10,6,2,3,1,82,2026,8,24,0
403,8,18,0,0,2,0,0,5,72,2,0,38,8,33,9,0,0,76,4,3,6,1,119,1,4,7,10,1,3,2,1,81,2026,8,6,3
404,5,18,1,1,2,2,2,7,53,2,2,34,6,27,22,0,1,38,10,2,7,4,133,1,3,5,8,4,5,1,3,72,2026,8,27,3
405,0,20,2,1,4,5,1,10,50,4,0,37,9,36,16,0,1,79,3,1,3,4,146,0,6,8,2,3,4,2,2,72,2026,8,17,0
406,9,19,1,1,2,5,2,5,81,6,1,44,10,21,28,0,0,62,8,3,5,5,57,1,3,8,1,9,3,1,3,75,2026,8,24,0
407,2,20,1,2,4,9,2,1,60,4,0,32,10,30,6,1,1,72,5,8,8,1,126,1,5,5,1,6,3,1,1,61,2026,8,11,1
408,2,17,2,2,2,8,1,4,59,2,0,40,13,17,30,0,0,57,6,1,5,5,74,2,3,6,3,8,3,1,3,68,2026,8,13,3
409,4,20,0,0,2,6,1,6,84,6,2,31,11,37,10,1,0,36,1,10,10,4,88,1,6,5,3,4,4,1,3,83,2026,8,2,6
410,2,16,1,2,4,2,2,10,89,6,0,49,15,34,19,0,2,52,7,5,5,4,64,2,2,5,8,4,2,1,3,89,2026,8,8,5
411,6,17,0,1,2,7,2,5,52,2,0,36,15,21,19,0,1,42,2,9,9,1,83,1,6,5,1,6,5,1,2,85,2026,8,21,4
412,6,16,0,1,3,3,2,7,56,6,1,46,13,40,11,0,0,35,1,4,7,2,117,2,5,8,3,3,5,3,3,68,2026,8,23,6
413,6,19,1,0,4,2,1,4,57,5,2,39,12,33,28,0,0,80,1,7,4,3,71,2,3,5,7,5,4,2,2,68,2026,8,1,5
414,8,18,1,2,1,8,2,4,83,2,0,41,10,35,10,0,0,69,8,7,2,4,97,0,6,5,9,4,4,3,3,73,2026,8,18,1
415,8,19,2,2,1,7,1,3,84,3,0,32,13,40,18,1,1,75,5,2,8,2,134,1,5,5,3,6,2,3,2,90,2026,8,11,1
416,2,20,0,1,4,6,1,9,87,3,1,56,14,25,19,1,1,37,10,6,4,5,94,0,4,7,5,5,5,1,3,83,2026,8,7,4
417,3,20,2,1,1,1,1,7,86,6,0,50,12,34,8,1,2,34,8,9,10,1,125,1,4,6,2,3,2,2,3,68,2026,8,20,3
418,9,18,2,1,3,9,1,1,72,6,1,52,14,39,13,1,0,59,4,7,4,4,136,0,5,7,2,8,3,2,1,79,2026,8,6,3
419,8,16,2,2,0,0,0,4,90,3,2,46,15,32,22,1,0,67,8,5,4,5,78,1,6,5,5,1,2,1,1,74,2026,8,11,1
420,6,17,0,0,4,7,2,2,60,6,0,60,6,39,5,0,2,54,10,3,10,5,61,0,3,5,4,10,3,1,2,86,2026,8,14,4
421,1,19,1,1,1,7,0,4,67,3,0,57,11,32,27,0,1,43,8,6,10,1,51,0,3,8,8,5,3,1,3,79,2026,8,12,2
422,1,17,2,1,0,3,0,10,80,2,1,48,14,40,19,1,0,51,10,3,5,3,82,2,5,6,1,2,2,1,1,69,2026,8,22,5
423,8,16,1,2,3,4,1,4,72,2,2,38,5,21,14,1,2,34,5,5,8,1,98,0,6,7,1,7,2,3,1,86,2026,8,22,5
424,4,18,0,1,0,7,2,7,71,5,1,39,8,27,27,0,2,48,9,3,2,4,137,2,4,8,6,4,4,1,1,74,2026,8,9,6
425,9,16,2,0,4,4,1,1,53,2,1,32,11,18,18,0,1,51,7,8,7,2,51,0,5,6,2,9,4,2,2,80,2026,8,20,3
426,9,20,0,1,1,6,0,6,87,6,2,48,13,28,28,0,1,55,6,9,9,3,50,1,4,5,10,3,4,1,3,62,2026,8,1,5
427,8,17,1,1,0,4,0,8,53,2,1,39,8,34,24,0,2,75,8,4,3,1,79,2,5,8,9,4,3,1,3,85,2026,8,28,4
428,2,20,1,2,0,8,0,1,81,6,0,53,15,34,17,0,0,50,5,7,2,4,88,1,2,8,4,2,2,2,1,60,2026,8,16,6
429,5,20,0,2,4,5,1,7,68,3,1,51,6,20,14,0,0,64,6,3,5,3,60,1,2,6,8,7,4,3,2,81,2026,8,10,0
430,5,18,0,0,0,3,2,9,51,4,1,30,9,35,16,1,1,54,1,9,3,2,147,2,3,6,7,7,4,1,2,87,2026,8,6,3
431,5,16,2,1,2,5,1,7,90,3,1,36,13,19,21,0,1,58,4,3,5,1,61,2,2,5,2,8,3,1,2,60,2026,8,18,1
432,2,19,0,0,4,5,1,1,71,3,2,54,5,34,8,0,0,64,7,4,7,1,100,2,2,7,9,8,3,3,2,73,2026,8,15,5
433,5,19,1,0,3,8,1,8,81,2,1,60,10,35,30,1,1,77,4,2,7,4,82,2,5,6,2,7,2,3,3,70,2026,8,22,5
434,5,18,1,0,1,1,0,5,84,3,0,36,8,29,18,1,2,43,4,6,8,5,119,2,4,5,7,1,2,1,2,83,2026,8,27,3
435,4,16,0,0,3,5,0,2,66,3,1,30,7,28,14,0,2,37,8,2,5,4,93,2,6,5,7,1,2,2,3,65,2026,8,6,3
436,6,18,0,0,4,0,0,10,73,2,0,46,11,22,6,1,0,42,3,3,10,3,96,2,3,6,7,10,4,3,2,83,2026,8,6,3
437,7,20,2,1,0,1,0,7,51,2,1,32,12,38,13,0,1,49,8,2,9,2,121,0,3,6,4,7,5,2,3,90,2026,8,27,3
438,6,16,0,2,1,6,2,7,79,3,1,34,13,18,13,0,2,45,9,9,4,2,144,1,2,6,6,6,5,2,2,84,2026,8,20,3
439,6,18,0,0,1,8,2,8,54,5,0,43,6,40,16,0,0,46,2,2,3,2,116,0,2,6,5,9,2,3,2,68,2026,8,18,1
440,2,20,1,1,1,3,1,9,85,5,0,43,8,27,23,1,2,67,10,6,10,2,132,2,3,8,9,5,2,2,1,67,2026,8,15,5
441,6,17,1,2,4,7,1,2,90,4,0,49,10,18,5,1,1,62,4,5,3,5,145,0,3,5,5,9,3,3,3,66,2026,8,28,4
442,2,18,2,2,2,5,1,1,81,2,2,31,8,29,23,0,0,68,4,5,1,1,60,2,6,8,1,7,5,3,3,66,2026,8,10,0
443,5,16,1,1,0,3,1,4,74,6,1,52,11,22,10,0,2,59,6,1,1,4,65,0,6,7,8,8,5,1,3,88,2026,8,15,5
444,2,20,2,2,2,6,1,2,69,5,1,57,9,29,9,0,0,37,3,8,10,3,111,2,4,5,6,6,2,2,1,77,2026,8,21,4
445,3,19,1,1,2,7,2,6,79,4,0,55,9,18,21,1,0,39,1,2,10,2,98,0,4,6,5,4,3,2,2,67,2026,8,24,0
446,1,17,0,0,3,8,2,9,60,6,0,55,15,23,5,0,2,31,5,2,9,5,136,0,2,8,4,8,4,3,3,75,2026,8,8,5
447,6,18,0,1,2,1,2,6,85,4,1,38,15,18,30,0,0,30,1,1,8,2,149,0,6,7,10,1,4,3,2,87,2026,8,22,5
448,2,16,0,2,4,5,2,10,58,5,2,43,12,22,10,1,1,39,5,6,3,3,85,1,2,8,9,5,5,2,2,70,2026,8,3,0
449,7,19,0,1,2,0,2,9,71,6,1,39,10,17,22,1,1,58,9,5,7,1,85,2,5,8,7,10,4,2,1,89,2026,8,14,4
450,7,20,0,1,3,5,1,5,84,2,1,32,14,16,25,0,1,42,4,6,7,1,147,0,3,7,8,6,5,1,3,70,2026,8,20,3
451,2,17,0,0,1,3,0,6,75,4,1,41,11,30,18,1,0,37,4,4,10,5,69,2,4,6,10,6,5,3,1,73,2026,8,3,0
452,3,20,0,0,3,4,2,3,79,5,0,42,11,31,28,0,2,79,8,7,2,2,69,0,3,8,1,8,5,3,3,80,2026,8,14,4
453,0,18,1,1,2,8,1,8,53,3,1,47,8,28,25,0,1,57,2,9,6,2,90,1,3,8,6,8,5,1,1,89,2026,8,6,3
454,9,16,1,1,3,8,2,2,72,6,1,49,5,33,7,0,1,65,9,4,8,2,99,2,2,6,5,3,4,1,1,85,2026,8,5,2
455,9,16,1,1,3,6,2,1,52,2,0,59,5,40,12,0,2,63,6,9,8,3,95,2,2,8,4,8,3,2,3,60,2026,8,3,0
456,0,16,2,0,4,7,0,3,87,2,0,30,10,19,5,1,1,35,6,4,7,3,101,2,3,5,8,2,2,2,1,66,2026,8,26,2
457,5,19,1,1,2,6,1,7,51,2,2,58,13,19,19,0,2,52,3,8,9,3,121,2,4,7,1,8,3,3,1,61,2026,8,6,3
458,6,19,2,2,1,5,1,7,58,6,0,52,7,40,18,0,0,59,2,6,2,3,68,2,2,5,4,4,3,2,3,67,2026,8,1,5
459,6,16,0,0,3,4,1,1,64,5,2,39,14,35,30,1,2,53,1,5,10,4,135,1,3,5,2,5,2,3,3,74,2026,8,16,6
460,7,18,0,1,2,3,2,8,52,4,1,33,13,31,26,0,1,72,10,10,7,2,128,1,4,7,4,1,5,1,3,82,2026,8,11,1
461,3,18,2,1,2,5,0,9,72,5,2,57,5,26,6,0,1,59,10,8,3,5,68,2,6,8,10,9,2,3,2,73,2026,8,28,4
462,8,18,1,1,1,7,1,2,51,6,2,38,8,17,8,0,1,34,6,3,3,3,137,1,6,8,7,5,2,3,1,71,2026,8,4,1
463,1,17,1,2,2,8,1,2,65,2,2,60,8,40,6,1,1,36,1,7,5,2,120,0,6,5,2,9,5,2,2,87,2026,8,27,3
464,9,19,1,2,2,9,1,9,86,4,1,56,9,15,20,1,1,40,5,8,10,2,89,2,6,8,5,8,2,1,3,83,2026,8,8,5
465,0,17,1,0,1,9,0,5,55,4,0,41,14,32,15,1,0,65,8,2,8,5,132,0,2,5,5,5,4,1,2,76,2026,8,6,3
466,5,19,1,0,2,4,2,4,71,3,2,32,7,28,26,0,0,70,10,3,10,3,78,1,6,8,9,7,2,1,2,64,2026,8,13,3
467,9,16,0,2,1,8,1,7,88,5,1,47,15,24,25,0,0,70,3,10,5,4,114,2,6,5,9,6,4,1,2,87,2026,8,23,6
468,9,19,1,1,2,8,1,10,77,4,0,49,10,20,18,1,2,46,9,10,6,5,77,2,6,5,3,1,4,2,2,86,2026,8,2,6
469,9,18,1,1,1,3,2,2,60,3,2,33,8,27,23,0,1,45,3,9,7,2,108,2,4,8,10,8,5,3,2,69,2026,8,18,1
470,9,20,0,1,4,2,2,2,88,4,2,38,9,38,18,0,1,75,4,3,9,4,53,2,6,8,2,4,5,2,3,86,2026,8,20,3
471,3,19,0,0,0,5,0,9,60,3,2,47,9,18,15,0,1,58,10,7,4,5,146,2,2,8,7,1,4,2,1,84,2026,8,3,0
472,6,19,1,2,4,2,2,7,56,4,0,58,12,33,14,0,2,70,10,1,4,3,87,0,4,8,1,3,5,3,1,90,2026,8,8,5
473,0,16,1,1,4,2,0,4,56,6,2,34,11,15,8,0,1,67,4,9,8,1,98,0,4,6,1,4,2,3,2,80,2026,8,26,2
474,1,20,1,0,2,8,2,10,78,4,0,42,15,16,16,1,0,53,8,5,1,3,106,0,5,5,9,9,5,1,2,73,2026,8,13,3
475,9,18,1,1,4,8,0,5,70,3,2,43,15,28,23,0,0,40,6,2,6,4,103,1,6,6,7,4,4,2,1,77,2026,8,14,4
476,2,16,0,0,2,4,0,6,64,2,1,38,9,40,29,1,2,45,1,7,10,1,124,0,4,8,6,8,3,2,1,82,2026,8,15,5
477,5,16,2,1,2,8,2,9,74,3,1,48,7,23,21,0,0,48,9,2,8,4,115,0,5,8,4,9,3,3,3,63,2026,8,12,2
478,4,19,0,1,3,0,0,7,75,2,2,51,8,30,17,0,2,54,4,3,2,1,124,0,2,5,9,7,4,2,2,87,2026,8,2,6
479,4,20,1,2,4,3,1,10,53,6,0,45,5,31,23,0,1,61,2,8,7,2,52,2,2,6,7,7,4,3,2,87,2026,8,20,3
480,3,19,2,0,3,0,1,1,81,4,1,47,13,39,12,0,1,48,6,2,4,4,82,0,3,7,5,8,2,2,2,82,2026,8,21,4
481,0,16,2,0,2,1,2,6,63,6,1,44,15,25,30,0,1,43,4,6,6,3,105,1,6,7,10,8,4,3,3,70,2026,8,13,3
482,1,16,1,1,1,1,2,1,86,5,0,32,13,38,8,1,0,77,2,10,9,3,137,0,3,5,9,8,5,1,3,80,2026,8,24,0
483,9,17,0,2,2,2,0,4,73,2,2,39,12,18,8,0,0,42,10,10,5,2,114,1,3,5,7,7,2,1,2,70,2026,8,7,4
484,4,20,0,1,3,8,0,9,58,6,1,40,10,22,16,0,2,44,3,10,1,2,128,2,5,5,5,1,5,1,2,74,2026,8,18,1
485,9,16,1,0,4,1,0,9,82,2,0,31,9,39,22,1,1,40,10,6,6,5,107,2,3,8,3,9,4,2,3,81,2026,8,1,5
486,9,20,1,1,3,4,1,3,89,3,1,32,14,16,15,0,2,35,10,10,9,5,103,2,6,6,10,9,3,2,3,87,2026,8,28,4
487,7,19,0,1,4,9,2,7,88,4,0,58,10,18,15,0,2,52,3,8,4,1,55,2,3,6,8,3,2,3,3,83,2026,8,4,1
488,6,17,2,0,2,9,2,2,86,2,2,36,6,25,16,0,1,38,4,4,8,2,68,2,6,5,6,8,5,1,1,86,2026,8,4,1
489,2,19,2,0,0,8,2,4,81,3,1,44,13,32,6,1,1,47,5,9,4,1,70,1,2,6,3,6,5,2,2,68,2026,8,9,6
490,3,20,1,0,2,3,0,5,56,4,0,56,10,23,29,0,1,68,7,8,6,4,115,2,3,6,6,8,4,3,1,61,2026,8,21,4
491,0,18,2,1,1,3,1,1,64,5,0,35,5,19,18,0,2,48,2,1,10,2,135,0,3,8,6,5,2,1,3,68,2026,8,12,2
492,8,16,2,1,4,4,2,10,76,5,1,33,13,22,8,0,2,79,3,3,3,1,99,0,5,7,2,1,5,3,1,76,2026,8,26,2
493,0,20,2,0,4,0,0,5,84,6,0,52,7,34,8,0,2,67,5,4,5,3,121,0,6,6,8,2,5,1,1,86,2026,8,18,1
494,6,19,1,1,1,1,2,1,77,3,2,42,8,38,30,0,0,39,4,7,4,4,97,0,5,7,2,3,5,3,2,63,2026,8,15,5
495,6,18,1,2,1,1,2,5,87,3,2,46,5,29,22,0,2,70,4,3,9,1,147,2,3,7,2,5,3,1,1,63,2026,8,22,5
496,4,16,0,2,3,9,2,10,57,2,1,51,6,20,17,1,0,73,6,5,4,3,70,0,2,6,5,9,4,3,3,69,2026,8,25,1
497,2,20,1,2,0,8,0,2,57,4,1,53,10,25,9,1,0,50,7,9,1,3,134,1,3,8,2,6,5,1,2,81,2026,8,1,5
498,7,20,2,1,1,2,2,1,84,3,0,44,7,26,26,0,2,49,6,3,2,2,54,0,5,6,5,2,4,2,1,77,2026,8,1,5
499,9,18,2,2,4,6,1,5,58,3,1,31,8,40,6,0,1,32,9,4,1,3,115,0,3,6,7,8,4,2,3,60,2026,8,12,2
500,8,16,2,2,1,8,2,5,77,6,0,42,14,24,30,0,0,40,1,6,9,4,60,2,4,6,7,3,4,1,3,61,2026,8,28,4
